flow_rate_gpm,annulus,ecc,di/do,test_fluid,shear_pa,k,m,diff_p
18.5,annulus_1,1.0,0.27,XCD-PAC3,0.0,0.99,0.48,37.62
17.67,annulus_1,1.0,0.27,XCD-PAC3,0.0,0.99,0.48,36.97
16.92,annulus_1,1.0,0.27,XCD-PAC3,0.0,0.99,0.48,35.79
16.09,annulus_1,1.0,0.27,XCD-PAC3,0.0,0.99,0.48,34.97
15.17,annulus_1,1.0,0.27,XCD-PAC3,0.0,0.99,0.48,34.18
14.41,annulus_1,1.0,0.27,XCD-PAC3,0.0,0.99,0.48,33.56
13.44,annulus_1,1.0,0.27,XCD-PAC3,0.0,0.99,0.48,32.41
12.39,annulus_1,1.0,0.27,XCD-PAC3,0.0,0.99,0.48,31.17
11.31,annulus_1,1.0,0.27,XCD-PAC3,0.0,0.99,0.48,29.77
10.22,annulus_1,1.0,0.27,XCD-PAC3,0.0,0.99,0.48,28.49
8.97,annulus_1,1.0,0.27,XCD-PAC3,0.0,0.99,0.48,27.22
7.9,annulus_1,1.0,0.27,XCD-PAC3,0.0,0.99,0.48,25.2
6.72,annulus_1,1.0,0.27,XCD-PAC3,0.0,0.99,0.48,23.27
5.53,annulus_1,1.0,0.27,XCD-PAC3,0.0,0.99,0.48,21.15
4.25,annulus_1,1.0,0.27,XCD-PAC3,0.0,0.99,0.48,18.57
3.49,annulus_1,1.0,0.27,XCD-PAC3,0.0,0.99,0.48,16.61
2.42,annulus_1,1.0,0.27,XCD-PAC3,0.0,0.99,0.48,13.97
1.82,annulus_1,1.0,0.27,XCD-PAC3,0.0,0.99,0.48,11.85
1.29,annulus_1,1.0,0.27,XCD-PAC3,0.0,0.99,0.48,9.64
0.83,annulus_1,1.0,0.27,XCD-PAC3,0.0,0.99,0.48,7.35
0.62,annulus_1,1.0,0.27,XCD-PAC3,0.0,0.99,0.48,6.08
0.42,annulus_1,1.0,0.27,XCD-PAC3,0.0,0.99,0.48,4.72
0.29,annulus_1,1.0,0.27,XCD-PAC3,0.0,0.99,0.48,3.81
0.19,annulus_1,1.0,0.27,XCD-PAC3,0.0,0.99,0.48,2.84
0.1,annulus_1,1.0,0.27,XCD-PAC3,0.0,0.99,0.48,1.84
0.06,annulus_1,1.0,0.27,XCD-PAC3,0.0,0.99,0.48,1.27
0.03,annulus_1,1.0,0.27,XCD-PAC3,0.0,0.99,0.48,0.79
18.5,annulus_2,1.0,0.36,XCD-PAC3,0.0,0.99,0.48,48.34
17.67,annulus_2,1.0,0.36,XCD-PAC3,0.0,0.99,0.48,46.6
16.92,annulus_2,1.0,0.36,XCD-PAC3,0.0,0.99,0.48,44.87
16.09,annulus_2,1.0,0.36,XCD-PAC3,0.0,0.99,0.48,43.66
15.17,annulus_2,1.0,0.36,XCD-PAC3,0.0,0.99,0.48,41.77
14.41,annulus_2,1.0,0.36,XCD-PAC3,0.0,0.99,0.48,40.68
13.44,annulus_2,1.0,0.36,XCD-PAC3,0.0,0.99,0.48,39.26
12.39,annulus_2,1.0,0.36,XCD-PAC3,0.0,0.99,0.48,37.94
11.31,annulus_2,1.0,0.36,XCD-PAC3,0.0,0.99,0.48,36.58
10.22,annulus_2,1.0,0.36,XCD-PAC3,0.0,0.99,0.48,34.7
8.97,annulus_2,1.0,0.36,XCD-PAC3,0.0,0.99,0.48,32.15
7.9,annulus_2,1.0,0.36,XCD-PAC3,0.0,0.99,0.48,30.72
6.72,annulus_2,1.0,0.36,XCD-PAC3,0.0,0.99,0.48,28.39
5.53,annulus_2,1.0,0.36,XCD-PAC3,0.0,0.99,0.48,25.99
4.25,annulus_2,1.0,0.36,XCD-PAC3,0.0,0.99,0.48,22.71
3.49,annulus_2,1.0,0.36,XCD-PAC3,0.0,0.99,0.48,20.6
2.42,annulus_2,1.0,0.36,XCD-PAC3,0.0,0.99,0.48,17.24
1.82,annulus_2,1.0,0.36,XCD-PAC3,0.0,0.99,0.48,14.7
1.29,annulus_2,1.0,0.36,XCD-PAC3,0.0,0.99,0.48,12.18
0.83,annulus_2,1.0,0.36,XCD-PAC3,0.0,0.99,0.48,9.17
0.62,annulus_2,1.0,0.36,XCD-PAC3,0.0,0.99,0.48,7.75
0.42,annulus_2,1.0,0.36,XCD-PAC3,0.0,0.99,0.48,6.04
0.29,annulus_2,1.0,0.36,XCD-PAC3,0.0,0.99,0.48,4.81
0.19,annulus_2,1.0,0.36,XCD-PAC3,0.0,0.99,0.48,3.64
0.1,annulus_2,1.0,0.36,XCD-PAC3,0.0,0.99,0.48,2.45
0.06,annulus_2,1.0,0.36,XCD-PAC3,0.0,0.99,0.48,1.77
0.03,annulus_2,1.0,0.36,XCD-PAC3,0.0,0.99,0.48,1.18
18.5,annulus_4,1.0,0.76,XCD-PAC3,0.0,0.99,0.48,1357.43
17.67,annulus_4,1.0,0.76,XCD-PAC3,0.0,0.99,0.48,1302.53
16.92,annulus_4,1.0,0.76,XCD-PAC3,0.0,0.99,0.48,1253.97
16.09,annulus_4,1.0,0.76,XCD-PAC3,0.0,0.99,0.48,1196.16
15.17,annulus_4,1.0,0.76,XCD-PAC3,0.0,0.99,0.48,1137.77
14.41,annulus_4,1.0,0.76,XCD-PAC3,0.0,0.99,0.48,877.25
13.44,annulus_4,1.0,0.76,XCD-PAC3,0.0,0.99,0.48,833.37
12.39,annulus_4,1.0,0.76,XCD-PAC3,0.0,0.99,0.48,785.2
11.31,annulus_4,1.0,0.76,XCD-PAC3,0.0,0.99,0.48,731.9
10.22,annulus_4,1.0,0.76,XCD-PAC3,0.0,0.99,0.48,689.87
8.97,annulus_4,1.0,0.76,XCD-PAC3,0.0,0.99,0.48,646.17
7.9,annulus_4,1.0,0.76,XCD-PAC3,0.0,0.99,0.48,598.8
6.72,annulus_4,1.0,0.76,XCD-PAC3,0.0,0.99,0.48,549.59
5.53,annulus_4,1.0,0.76,XCD-PAC3,0.0,0.99,0.48,495.07
4.25,annulus_4,1.0,0.76,XCD-PAC3,0.0,0.99,0.48,429.44
3.49,annulus_4,1.0,0.76,XCD-PAC3,0.0,0.99,0.48,392.19
2.42,annulus_4,1.0,0.76,XCD-PAC3,0.0,0.99,0.48,328.02
1.82,annulus_4,1.0,0.76,XCD-PAC3,0.0,0.99,0.48,286.03
1.29,annulus_4,1.0,0.76,XCD-PAC3,0.0,0.99,0.48,244.49
0.83,annulus_4,1.0,0.76,XCD-PAC3,0.0,0.99,0.48,199.39
0.62,annulus_4,1.0,0.76,XCD-PAC3,0.0,0.99,0.48,174.09
0.42,annulus_4,1.0,0.76,XCD-PAC3,0.0,0.99,0.48,145.82
0.29,annulus_4,1.0,0.76,XCD-PAC3,0.0,0.99,0.48,121.0
0.19,annulus_4,1.0,0.76,XCD-PAC3,0.0,0.99,0.48,99.31
0.1,annulus_4,1.0,0.76,XCD-PAC3,0.0,0.99,0.48,70.55
0.06,annulus_4,1.0,0.76,XCD-PAC3,0.0,0.99,0.48,55.0
0.03,annulus_4,1.0,0.76,XCD-PAC3,0.0,0.99,0.48,40.97
18.8728,annulus_1,0.75,0.27,XCD-PAC6,0.0,1.12,0.49,48.24
17.6558,annulus_1,0.75,0.27,XCD-PAC6,0.0,1.12,0.49,46.41
16.3346,annulus_1,0.75,0.27,XCD-PAC6,0.0,1.12,0.49,44.29
14.8779,annulus_1,0.75,0.27,XCD-PAC6,0.0,1.12,0.49,42.56
13.051,annulus_1,0.75,0.27,XCD-PAC6,0.0,1.12,0.49,39.92
10.685,annulus_1,0.75,0.27,XCD-PAC6,0.0,1.12,0.49,36.3
9.0799,annulus_1,0.75,0.27,XCD-PAC6,0.0,1.12,0.49,33.46
7.2104,annulus_1,0.75,0.27,XCD-PAC6,0.0,1.12,0.49,29.99
6.0497,annulus_1,0.75,0.27,XCD-PAC6,0.0,1.12,0.49,27.45
4.8438,annulus_1,0.75,0.27,XCD-PAC6,0.0,1.12,0.49,24.41
3.6091,annulus_1,0.75,0.27,XCD-PAC6,0.0,1.12,0.49,20.78
2.1954,annulus_1,0.75,0.27,XCD-PAC6,0.0,1.12,0.49,16.02
1.8139,annulus_1,0.75,0.27,XCD-PAC6,0.0,1.12,0.49,14.3
1.2018,annulus_1,0.75,0.27,XCD-PAC6,0.0,1.12,0.49,11.42
0.7936,annulus_1,0.75,0.27,XCD-PAC6,0.0,1.12,0.49,8.7
0.5654,annulus_1,0.75,0.27,XCD-PAC6,0.0,1.12,0.49,6.97
0.4703,annulus_1,0.75,0.27,XCD-PAC6,0.0,1.12,0.49,6.2
0.4122,annulus_1,0.75,0.27,XCD-PAC6,0.0,1.12,0.49,5.7
0.2967,annulus_1,0.75,0.27,XCD-PAC6,0.0,1.12,0.49,4.67
0.2024,annulus_1,0.75,0.27,XCD-PAC6,0.0,1.12,0.49,3.66
0.1043,annulus_1,0.75,0.27,XCD-PAC6,0.0,1.12,0.49,2.44
0.065,annulus_1,0.75,0.27,XCD-PAC6,0.0,1.12,0.49,1.9
0.0251,annulus_1,0.75,0.27,XCD-PAC6,0.0,1.12,0.49,1.13
18.8728,annulus_2,0.6,0.36,XCD-PAC6,0.0,1.12,0.49,62.56
17.6558,annulus_2,0.6,0.36,XCD-PAC6,0.0,1.12,0.49,59.96
16.3346,annulus_2,0.6,0.36,XCD-PAC6,0.0,1.12,0.49,57.59
14.8779,annulus_2,0.6,0.36,XCD-PAC6,0.0,1.12,0.49,55.03
13.051,annulus_2,0.6,0.36,XCD-PAC6,0.0,1.12,0.49,51.53
10.685,annulus_2,0.6,0.36,XCD-PAC6,0.0,1.12,0.49,47.19
9.0799,annulus_2,0.6,0.36,XCD-PAC6,0.0,1.12,0.49,43.87
7.2104,annulus_2,0.6,0.36,XCD-PAC6,0.0,1.12,0.49,39.16
6.0497,annulus_2,0.6,0.36,XCD-PAC6,0.0,1.12,0.49,35.83
4.8438,annulus_2,0.6,0.36,XCD-PAC6,0.0,1.12,0.49,32.09
3.6091,annulus_2,0.6,0.36,XCD-PAC6,0.0,1.12,0.49,27.33
2.1954,annulus_2,0.6,0.36,XCD-PAC6,0.0,1.12,0.49,21.03
1.8139,annulus_2,0.6,0.36,XCD-PAC6,0.0,1.12,0.49,18.82
1.2018,annulus_2,0.6,0.36,XCD-PAC6,0.0,1.12,0.49,15.2
0.7936,annulus_2,0.6,0.36,XCD-PAC6,0.0,1.12,0.49,11.56
0.5654,annulus_2,0.6,0.36,XCD-PAC6,0.0,1.12,0.49,9.58
0.4703,annulus_2,0.6,0.36,XCD-PAC6,0.0,1.12,0.49,8.52
0.4122,annulus_2,0.6,0.36,XCD-PAC6,0.0,1.12,0.49,7.87
0.2967,annulus_2,0.6,0.36,XCD-PAC6,0.0,1.12,0.49,6.44
0.2024,annulus_2,0.6,0.36,XCD-PAC6,0.0,1.12,0.49,5.07
0.1043,annulus_2,0.6,0.36,XCD-PAC6,0.0,1.12,0.49,3.37
0.065,annulus_2,0.6,0.36,XCD-PAC6,0.0,1.12,0.49,2.49
0.0251,annulus_2,0.6,0.36,XCD-PAC6,0.0,1.12,0.49,1.5
18.8728,annulus_4,0.8,0.76,XCD-PAC6,0.0,1.12,0.49,1209.39
17.6558,annulus_4,0.8,0.76,XCD-PAC6,0.0,1.12,0.49,1134.63
16.3346,annulus_4,0.8,0.76,XCD-PAC6,0.0,1.12,0.49,1053.53
14.8779,annulus_4,0.8,0.76,XCD-PAC6,0.0,1.12,0.49,983.99
13.051,annulus_4,0.8,0.76,XCD-PAC6,0.0,1.12,0.49,888.92
10.685,annulus_4,0.8,0.76,XCD-PAC6,0.0,1.12,0.49,775.69
9.0799,annulus_4,0.8,0.76,XCD-PAC6,0.0,1.12,0.49,709.48
7.2104,annulus_4,0.8,0.76,XCD-PAC6,0.0,1.12,0.49,621.25
6.0497,annulus_4,0.8,0.76,XCD-PAC6,0.0,1.12,0.49,564.89
4.8438,annulus_4,0.8,0.76,XCD-PAC6,0.0,1.12,0.49,512.34
3.6091,annulus_4,0.8,0.76,XCD-PAC6,0.0,1.12,0.49,445.34
2.1954,annulus_4,0.8,0.76,XCD-PAC6,0.0,1.12,0.49,354.52
1.8139,annulus_4,0.8,0.76,XCD-PAC6,0.0,1.12,0.49,323.33
1.2018,annulus_4,0.8,0.76,XCD-PAC6,0.0,1.12,0.49,273.04
0.7936,annulus_4,0.8,0.76,XCD-PAC6,0.0,1.12,0.49,220.6
0.5654,annulus_4,0.8,0.76,XCD-PAC6,0.0,1.12,0.49,188.8
0.4703,annulus_4,0.8,0.76,XCD-PAC6,0.0,1.12,0.49,174.2
0.4122,annulus_4,0.8,0.76,XCD-PAC6,0.0,1.12,0.49,163.27
0.2967,annulus_4,0.8,0.76,XCD-PAC6,0.0,1.12,0.49,138.1
0.2024,annulus_4,0.8,0.76,XCD-PAC6,0.0,1.12,0.49,117.42
0.1043,annulus_4,0.8,0.76,XCD-PAC6,0.0,1.12,0.49,81.6
0.065,annulus_4,0.8,0.76,XCD-PAC6,0.0,1.12,0.49,64.73
0.0251,annulus_4,0.8,0.76,XCD-PAC6,0.0,1.12,0.49,43.8
17.7976,annulus_1,0.65,0.27,XCD-PAC7,0.0,1.4,0.46,54.57
15.9822,annulus_1,0.65,0.27,XCD-PAC7,0.0,1.4,0.46,51.44
14.7047,annulus_1,0.65,0.27,XCD-PAC7,0.0,1.4,0.46,49.33
13.1647,annulus_1,0.65,0.27,XCD-PAC7,0.0,1.4,0.46,46.09
11.552,annulus_1,0.65,0.27,XCD-PAC7,0.0,1.4,0.46,43.36
9.2501,annulus_1,0.65,0.27,XCD-PAC7,0.0,1.4,0.46,39.5
8.1526,annulus_1,0.65,0.27,XCD-PAC7,0.0,1.4,0.46,36.98
6.7876,annulus_1,0.65,0.27,XCD-PAC7,0.0,1.4,0.46,34.12
5.7304,annulus_1,0.65,0.27,XCD-PAC7,0.0,1.4,0.46,31.6
4.5666,annulus_1,0.65,0.27,XCD-PAC7,0.0,1.4,0.46,28.36
3.0153,annulus_1,0.65,0.27,XCD-PAC7,0.0,1.4,0.46,22.9
1.9701,annulus_1,0.65,0.27,XCD-PAC7,0.0,1.4,0.46,18.34
1.3099,annulus_1,0.65,0.27,XCD-PAC7,0.0,1.4,0.46,14.65
0.779,annulus_1,0.65,0.27,XCD-PAC7,0.0,1.4,0.46,10.77
0.4999,annulus_1,0.65,0.27,XCD-PAC7,0.0,1.4,0.46,8.29
0.458,annulus_1,0.65,0.27,XCD-PAC7,0.0,1.4,0.46,7.8
0.3367,annulus_1,0.65,0.27,XCD-PAC7,0.0,1.4,0.46,6.53
0.2283,annulus_1,0.65,0.27,XCD-PAC7,0.0,1.4,0.46,5.19
0.1536,annulus_1,0.65,0.27,XCD-PAC7,0.0,1.4,0.46,4.14
17.7976,annulus_2,0.0,0.36,XCD-PAC7,0.0,1.4,0.46,89.03
15.9822,annulus_2,0.0,0.36,XCD-PAC7,0.0,1.4,0.46,84.66
14.7047,annulus_2,0.0,0.36,XCD-PAC7,0.0,1.4,0.46,81.57
13.1647,annulus_2,0.0,0.36,XCD-PAC7,0.0,1.4,0.46,77.33
11.552,annulus_2,0.0,0.36,XCD-PAC7,0.0,1.4,0.46,72.49
9.2501,annulus_2,0.0,0.36,XCD-PAC7,0.0,1.4,0.46,65.15
8.1526,annulus_2,0.0,0.36,XCD-PAC7,0.0,1.4,0.46,61.46
6.7876,annulus_2,0.0,0.36,XCD-PAC7,0.0,1.4,0.46,56.55
5.7304,annulus_2,0.0,0.36,XCD-PAC7,0.0,1.4,0.46,51.96
4.5666,annulus_2,0.0,0.36,XCD-PAC7,0.0,1.4,0.46,46.78
3.0153,annulus_2,0.0,0.36,XCD-PAC7,0.0,1.4,0.46,38.06
1.9701,annulus_2,0.0,0.36,XCD-PAC7,0.0,1.4,0.46,30.68
1.3099,annulus_2,0.0,0.36,XCD-PAC7,0.0,1.4,0.46,24.55
0.779,annulus_2,0.0,0.36,XCD-PAC7,0.0,1.4,0.46,18.39
0.4999,annulus_2,0.0,0.36,XCD-PAC7,0.0,1.4,0.46,14.2
0.458,annulus_2,0.0,0.36,XCD-PAC7,0.0,1.4,0.46,13.67
0.3367,annulus_2,0.0,0.36,XCD-PAC7,0.0,1.4,0.46,11.5
0.2283,annulus_2,0.0,0.36,XCD-PAC7,0.0,1.4,0.46,9.17
0.1536,annulus_2,0.0,0.36,XCD-PAC7,0.0,1.4,0.46,7.23
17.7976,annulus_4,0.85,0.76,XCD-PAC7,0.0,1.4,0.46,1142.86
15.9822,annulus_4,0.85,0.76,XCD-PAC7,0.0,1.4,0.46,1049.43
14.7047,annulus_4,0.85,0.76,XCD-PAC7,0.0,1.4,0.46,986.39
13.1647,annulus_4,0.85,0.76,XCD-PAC7,0.0,1.4,0.46,899.01
11.552,annulus_4,0.85,0.76,XCD-PAC7,0.0,1.4,0.46,805.13
9.2501,annulus_4,0.85,0.76,XCD-PAC7,0.0,1.4,0.46,675.81
8.1526,annulus_4,0.85,0.76,XCD-PAC7,0.0,1.4,0.46,631.36
6.7876,annulus_4,0.85,0.76,XCD-PAC7,0.0,1.4,0.46,572.98
5.7304,annulus_4,0.85,0.76,XCD-PAC7,0.0,1.4,0.46,533.34
4.5666,annulus_4,0.85,0.76,XCD-PAC7,0.0,1.4,0.46,478.41
3.0153,annulus_4,0.85,0.76,XCD-PAC7,0.0,1.4,0.46,394.79
1.9701,annulus_4,0.85,0.76,XCD-PAC7,0.0,1.4,0.46,328.5
1.3099,annulus_4,0.85,0.76,XCD-PAC7,0.0,1.4,0.46,274.22
0.779,annulus_4,0.85,0.76,XCD-PAC7,0.0,1.4,0.46,217.12
0.4999,annulus_4,0.85,0.76,XCD-PAC7,0.0,1.4,0.46,179.5
0.458,annulus_4,0.85,0.76,XCD-PAC7,0.0,1.4,0.46,172.49
0.3367,annulus_4,0.85,0.76,XCD-PAC7,0.0,1.4,0.46,148.72
0.2283,annulus_4,0.85,0.76,XCD-PAC7,0.0,1.4,0.46,124.98
0.1536,annulus_4,0.85,0.76,XCD-PAC7,0.0,1.4,0.46,102.32
21.84,annulus_3,1.0,0.49,XCD1,4.3,1.29,0.38,57.98
20.06,annulus_3,1.0,0.49,XCD1,4.3,1.29,0.38,55.32
18.87,annulus_3,1.0,0.49,XCD1,4.3,1.29,0.38,53.58
17.68,annulus_3,1.0,0.49,XCD1,4.3,1.29,0.38,51.73
16.44,annulus_3,1.0,0.49,XCD1,4.3,1.29,0.38,50.6
15.2,annulus_3,1.0,0.49,XCD1,4.3,1.29,0.38,48.63
13.96,annulus_3,1.0,0.49,XCD1,4.3,1.29,0.38,47.46
12.7,annulus_3,1.0,0.49,XCD1,4.3,1.29,0.38,46.33
11.45,annulus_3,1.0,0.49,XCD1,4.3,1.29,0.38,44.49
10.19,annulus_3,1.0,0.49,XCD1,4.3,1.29,0.38,43.79
8.93,annulus_3,1.0,0.49,XCD1,4.3,1.29,0.38,42.05
7.63,annulus_3,1.0,0.49,XCD1,4.3,1.29,0.38,40.56
6.39,annulus_3,1.0,0.49,XCD1,4.3,1.29,0.38,38.64
5.1,annulus_3,1.0,0.49,XCD1,4.3,1.29,0.38,36.84
3.82,annulus_3,1.0,0.49,XCD1,4.3,1.29,0.38,34.37
2.52,annulus_3,1.0,0.49,XCD1,4.3,1.29,0.38,31.91
1.15,annulus_3,1.0,0.49,XCD1,4.3,1.29,0.38,26.4
0.83,annulus_3,1.0,0.49,XCD1,4.3,1.29,0.38,24.74
21.704,annulus_3,1.0,0.49,XCD2,11.3,1.85,0.35,45.25
20.517,annulus_3,1.0,0.49,XCD2,11.3,1.85,0.35,45.62
19.364,annulus_3,1.0,0.49,XCD2,11.3,1.85,0.35,46.13
18.143,annulus_3,1.0,0.49,XCD2,11.3,1.85,0.35,45.91
16.93,annulus_3,1.0,0.49,XCD2,11.3,1.85,0.35,45.74
15.704,annulus_3,1.0,0.49,XCD2,11.3,1.85,0.35,45.43
14.464,annulus_3,1.0,0.49,XCD2,11.3,1.85,0.35,45.64
13.204,annulus_3,1.0,0.49,XCD2,11.3,1.85,0.35,44.44
12.464,annulus_3,1.0,0.49,XCD2,11.3,1.85,0.35,44.64
10.709000000000001,annulus_3,1.0,0.49,XCD2,11.3,1.85,0.35,43.6
9.451,annulus_3,1.0,0.49,XCD2,11.3,1.85,0.35,43.06
8.187999999999999,annulus_3,1.0,0.49,XCD2,11.3,1.85,0.35,42.24
6.937,annulus_3,1.0,0.49,XCD2,11.3,1.85,0.35,41.73
5.666,annulus_3,1.0,0.49,XCD2,11.3,1.85,0.35,40.68
4.399,annulus_3,1.0,0.49,XCD2,11.3,1.85,0.35,39.61
3.127,annulus_3,1.0,0.49,XCD2,11.3,1.85,0.35,37.97
1.7930000000000001,annulus_3,1.0,0.49,XCD2,11.3,1.85,0.35,36.04
1.34,annulus_3,1.0,0.49,XCD2,11.3,1.85,0.35,35.89
0.797,annulus_3,1.0,0.49,XCD2,11.3,1.85,0.35,34.15
0.483,annulus_3,1.0,0.49,XCD2,11.3,1.85,0.35,33.74
21.48,annulus_3,1.0,0.49,XCD3,14.4,1.56,0.39,98.14
20.35,annulus_3,1.0,0.49,XCD3,14.4,1.56,0.39,97.11
19.21,annulus_3,1.0,0.49,XCD3,14.4,1.56,0.39,95.73
18.04,annulus_3,1.0,0.49,XCD3,14.4,1.56,0.39,94.63
16.82,annulus_3,1.0,0.49,XCD3,14.4,1.56,0.39,92.75
15.62,annulus_3,1.0,0.49,XCD3,14.4,1.56,0.39,91.41
14.4,annulus_3,1.0,0.49,XCD3,14.4,1.56,0.39,90.16
13.16,annulus_3,1.0,0.49,XCD3,14.4,1.56,0.39,88.66
11.9,annulus_3,1.0,0.49,XCD3,14.4,1.56,0.39,87.41
10.66,annulus_3,1.0,0.49,XCD3,14.4,1.56,0.39,85.7
9.44,annulus_3,1.0,0.49,XCD3,14.4,1.56,0.39,84.13
8.16,annulus_3,1.0,0.49,XCD3,14.4,1.56,0.39,81.88
6.91,annulus_3,1.0,0.49,XCD3,14.4,1.56,0.39,79.97
5.67,annulus_3,1.0,0.49,XCD3,14.4,1.56,0.39,77.4
4.41,annulus_3,1.0,0.49,XCD3,14.4,1.56,0.39,74.66
3.11,annulus_3,1.0,0.49,XCD3,14.4,1.56,0.39,71.64
1.8,annulus_3,1.0,0.49,XCD3,14.4,1.56,0.39,66.99
0.78,annulus_3,1.0,0.49,XCD3,14.4,1.56,0.39,60.75
0.64,annulus_3,1.0,0.49,XCD3,14.4,1.56,0.39,58.5
21.91,annulus_3,1.0,0.49,XCD4,5.1,1.26,0.36,51.49
20.08,annulus_3,1.0,0.49,XCD4,5.1,1.26,0.36,50.18
18.84,annulus_3,1.0,0.49,XCD4,5.1,1.26,0.36,49.39
17.64,annulus_3,1.0,0.49,XCD4,5.1,1.26,0.36,48.22
16.39,annulus_3,1.0,0.49,XCD4,5.1,1.26,0.36,47.25
15.16,annulus_3,1.0,0.49,XCD4,5.1,1.26,0.36,46.2
13.91,annulus_3,1.0,0.49,XCD4,5.1,1.26,0.36,44.87
12.66,annulus_3,1.0,0.49,XCD4,5.1,1.26,0.36,44.01
11.42,annulus_3,1.0,0.49,XCD4,5.1,1.26,0.36,43.08
10.14,annulus_3,1.0,0.49,XCD4,5.1,1.26,0.36,41.91
8.87,annulus_3,1.0,0.49,XCD4,5.1,1.26,0.36,41.0
7.65,annulus_3,1.0,0.49,XCD4,5.1,1.26,0.36,39.83
6.35,annulus_3,1.0,0.49,XCD4,5.1,1.26,0.36,38.37
5.06,annulus_3,1.0,0.49,XCD4,5.1,1.26,0.36,36.6
3.79,annulus_3,1.0,0.49,XCD4,5.1,1.26,0.36,34.9
2.52,annulus_3,1.0,0.49,XCD4,5.1,1.26,0.36,32.46
1.83,annulus_3,1.0,0.49,XCD4,5.1,1.26,0.36,29.77
0.77,annulus_3,1.0,0.49,XCD4,5.1,1.26,0.36,25.93
0.41,annulus_3,1.0,0.49,XCD4,5.1,1.26,0.36,19.91
21.52,annulus_3,1.0,0.49,XCD-PAC1,7.5,1.07,0.47,88.11
20.39,annulus_3,1.0,0.49,XCD-PAC1,7.5,1.07,0.47,86.87
19.25,annulus_3,1.0,0.49,XCD-PAC1,7.5,1.07,0.47,85.05
18.06,annulus_3,1.0,0.49,XCD-PAC1,7.5,1.07,0.47,83.0
16.87,annulus_3,1.0,0.49,XCD-PAC1,7.5,1.07,0.47,81.54
15.66,annulus_3,1.0,0.49,XCD-PAC1,7.5,1.07,0.47,79.64
14.45,annulus_3,1.0,0.49,XCD-PAC1,7.5,1.07,0.47,77.52
13.23,annulus_3,1.0,0.49,XCD-PAC1,7.5,1.07,0.47,75.3
11.98,annulus_3,1.0,0.49,XCD-PAC1,7.5,1.07,0.47,73.07
10.77,annulus_3,1.0,0.49,XCD-PAC1,7.5,1.07,0.47,70.59
9.46,annulus_3,1.0,0.49,XCD-PAC1,7.5,1.07,0.47,67.54
8.22,annulus_3,1.0,0.49,XCD-PAC1,7.5,1.07,0.47,65.1
6.96,annulus_3,1.0,0.49,XCD-PAC1,7.5,1.07,0.47,61.56
5.69,annulus_3,1.0,0.49,XCD-PAC1,7.5,1.07,0.47,58.14
4.44,annulus_3,1.0,0.49,XCD-PAC1,7.5,1.07,0.47,53.67
3.15,annulus_3,1.0,0.49,XCD-PAC1,7.5,1.07,0.47,48.8
1.84,annulus_3,1.0,0.49,XCD-PAC1,7.5,1.07,0.47,36.4
1.38,annulus_3,1.0,0.49,XCD-PAC1,7.5,1.07,0.47,39.19
1.01,annulus_3,1.0,0.49,XCD-PAC1,7.5,1.07,0.47,37.21
20.84,annulus_3,1.0,0.49,XCD-PAC2,4.8,4.49,0.35,145.02
19.8,annulus_3,1.0,0.49,XCD-PAC2,4.8,4.49,0.35,141.41
18.73,annulus_3,1.0,0.49,XCD-PAC2,4.8,4.49,0.35,138.22
17.62,annulus_3,1.0,0.49,XCD-PAC2,4.8,4.49,0.35,135.23
16.51,annulus_3,1.0,0.49,XCD-PAC2,4.8,4.49,0.35,132.14
15.37,annulus_3,1.0,0.49,XCD-PAC2,4.8,4.49,0.35,129.29
14.19,annulus_3,1.0,0.49,XCD-PAC2,4.8,4.49,0.35,126.76
12.99,annulus_3,1.0,0.49,XCD-PAC2,4.8,4.49,0.35,122.88
11.77,annulus_3,1.0,0.49,XCD-PAC2,4.8,4.49,0.35,118.7
10.54,annulus_3,1.0,0.49,XCD-PAC2,4.8,4.49,0.35,115.57
9.32,annulus_3,1.0,0.49,XCD-PAC2,4.8,4.49,0.35,110.62
8.08,annulus_3,1.0,0.49,XCD-PAC2,4.8,4.49,0.35,105.96
6.84,annulus_3,1.0,0.49,XCD-PAC2,4.8,4.49,0.35,100.4
5.6,annulus_3,1.0,0.49,XCD-PAC2,4.8,4.49,0.35,94.27
4.38,annulus_3,1.0,0.49,XCD-PAC2,4.8,4.49,0.35,87.92
3.14,annulus_3,1.0,0.49,XCD-PAC2,4.8,4.49,0.35,79.17
1.83,annulus_3,1.0,0.49,XCD-PAC2,4.8,4.49,0.35,67.63
1.02,annulus_3,1.0,0.49,XCD-PAC2,4.8,4.49,0.35,57.08
0.54,annulus_3,1.0,0.49,XCD-PAC2,4.8,4.49,0.35,47.82
19.1784,annulus_1,1.0,0.27,XCD5,6.5,0.64,0.48,42.02
18.2196,annulus_1,1.0,0.27,XCD5,6.5,0.64,0.48,40.93
17.4335,annulus_1,1.0,0.27,XCD5,6.5,0.64,0.48,40.04
16.5385,annulus_1,1.0,0.27,XCD5,6.5,0.64,0.48,39.37
15.5123,annulus_1,1.0,0.27,XCD5,6.5,0.64,0.48,38.43
14.2161,annulus_1,1.0,0.27,XCD5,6.5,0.64,0.48,37.82
13.2238,annulus_1,1.0,0.27,XCD5,6.5,0.64,0.48,37.06
12.2178,annulus_1,1.0,0.27,XCD5,6.5,0.64,0.48,36.17
11.0856,annulus_1,1.0,0.27,XCD5,6.5,0.64,0.48,35.25
9.8223,annulus_1,1.0,0.27,XCD5,6.5,0.64,0.48,34.42
8.6762,annulus_1,1.0,0.27,XCD5,6.5,0.64,0.48,33.51
7.4331,annulus_1,1.0,0.27,XCD5,6.5,0.64,0.48,32.63
6.2036,annulus_1,1.0,0.27,XCD5,6.5,0.64,0.48,31.34
4.976,annulus_1,1.0,0.27,XCD5,6.5,0.64,0.48,29.9
4.3605,annulus_1,1.0,0.27,XCD5,6.5,0.64,0.48,29.2
3.7497,annulus_1,1.0,0.27,XCD5,6.5,0.64,0.48,28.31
3.1204,annulus_1,1.0,0.27,XCD5,6.5,0.64,0.48,27.38
1.823,annulus_1,1.0,0.27,XCD5,6.5,0.64,0.48,24.95
1.0781,annulus_1,1.0,0.27,XCD5,6.5,0.64,0.48,22.45
0.6532,annulus_1,1.0,0.27,XCD5,6.5,0.64,0.48,21.05
0.3782,annulus_1,1.0,0.27,XCD5,6.5,0.64,0.48,19.47
0.369,annulus_1,1.0,0.27,XCD5,6.5,0.64,0.48,19.5
0.2265,annulus_1,1.0,0.27,XCD5,6.5,0.64,0.48,18.16
0.0841,annulus_1,1.0,0.27,XCD5,6.5,0.64,0.48,15.41
0.0579,annulus_1,1.0,0.27,XCD5,6.5,0.64,0.48,14.64
0.0301,annulus_1,1.0,0.27,XCD5,6.5,0.64,0.48,13.19
19.1784,annulus_2,1.0,0.36,XCD5,6.5,0.64,0.48,49.21
18.2196,annulus_2,1.0,0.36,XCD5,6.5,0.64,0.48,47.71
17.4335,annulus_2,1.0,0.36,XCD5,6.5,0.64,0.48,46.61
16.5385,annulus_2,1.0,0.36,XCD5,6.5,0.64,0.48,45.68
15.5123,annulus_2,1.0,0.36,XCD5,6.5,0.64,0.48,44.69
14.2161,annulus_2,1.0,0.36,XCD5,6.5,0.64,0.48,43.84
13.2238,annulus_2,1.0,0.36,XCD5,6.5,0.64,0.48,42.91
12.2178,annulus_2,1.0,0.36,XCD5,6.5,0.64,0.48,41.67
11.0856,annulus_2,1.0,0.36,XCD5,6.5,0.64,0.48,40.65
9.8223,annulus_2,1.0,0.36,XCD5,6.5,0.64,0.48,39.5
8.6762,annulus_2,1.0,0.36,XCD5,6.5,0.64,0.48,38.0
7.4331,annulus_2,1.0,0.36,XCD5,6.5,0.64,0.48,37.01
6.2036,annulus_2,1.0,0.36,XCD5,6.5,0.64,0.48,35.27
4.976,annulus_2,1.0,0.36,XCD5,6.5,0.64,0.48,33.82
4.3605,annulus_2,1.0,0.36,XCD5,6.5,0.64,0.48,32.83
3.7497,annulus_2,1.0,0.36,XCD5,6.5,0.64,0.48,31.63
3.1204,annulus_2,1.0,0.36,XCD5,6.5,0.64,0.48,30.68
1.823,annulus_2,1.0,0.36,XCD5,6.5,0.64,0.48,28.03
1.0781,annulus_2,1.0,0.36,XCD5,6.5,0.64,0.48,25.42
0.6532,annulus_2,1.0,0.36,XCD5,6.5,0.64,0.48,23.58
0.3782,annulus_2,1.0,0.36,XCD5,6.5,0.64,0.48,21.75
0.369,annulus_2,1.0,0.36,XCD5,6.5,0.64,0.48,21.77
0.2265,annulus_2,1.0,0.36,XCD5,6.5,0.64,0.48,20.37
0.0841,annulus_2,1.0,0.36,XCD5,6.5,0.64,0.48,17.65
0.0579,annulus_2,1.0,0.36,XCD5,6.5,0.64,0.48,16.53
0.0301,annulus_2,1.0,0.36,XCD5,6.5,0.64,0.48,15.0
19.1784,annulus_4,1.0,0.76,XCD5,6.5,0.64,0.48,1386.48
18.2196,annulus_4,1.0,0.76,XCD5,6.5,0.64,0.48,1298.26
17.4335,annulus_4,1.0,0.76,XCD5,6.5,0.64,0.48,1237.65
16.5385,annulus_4,1.0,0.76,XCD5,6.5,0.64,0.48,1171.31
15.5123,annulus_4,1.0,0.76,XCD5,6.5,0.64,0.48,1090.01
14.2161,annulus_4,1.0,0.76,XCD5,6.5,0.64,0.48,998.29
13.2238,annulus_4,1.0,0.76,XCD5,6.5,0.64,0.48,726.66
12.2178,annulus_4,1.0,0.76,XCD5,6.5,0.64,0.48,681.58
11.0856,annulus_4,1.0,0.76,XCD5,6.5,0.64,0.48,636.86
9.8223,annulus_4,1.0,0.76,XCD5,6.5,0.64,0.48,589.29
8.6762,annulus_4,1.0,0.76,XCD5,6.5,0.64,0.48,540.7
7.4331,annulus_4,1.0,0.76,XCD5,6.5,0.64,0.48,492.98
6.2036,annulus_4,1.0,0.76,XCD5,6.5,0.64,0.48,441.99
4.976,annulus_4,1.0,0.76,XCD5,6.5,0.64,0.48,395.47
4.3605,annulus_4,1.0,0.76,XCD5,6.5,0.64,0.48,366.42
3.7497,annulus_4,1.0,0.76,XCD5,6.5,0.64,0.48,341.49
3.1204,annulus_4,1.0,0.76,XCD5,6.5,0.64,0.48,312.69
1.823,annulus_4,1.0,0.76,XCD5,6.5,0.64,0.48,249.8
1.0781,annulus_4,1.0,0.76,XCD5,6.5,0.64,0.48,217.48
0.6532,annulus_4,1.0,0.76,XCD5,6.5,0.64,0.48,186.39
0.3782,annulus_4,1.0,0.76,XCD5,6.5,0.64,0.48,159.55
0.369,annulus_4,1.0,0.76,XCD5,6.5,0.64,0.48,160.37
0.2265,annulus_4,1.0,0.76,XCD5,6.5,0.64,0.48,140.7
0.0841,annulus_4,1.0,0.76,XCD5,6.5,0.64,0.48,112.96
0.0579,annulus_4,1.0,0.76,XCD5,6.5,0.64,0.48,105.53
0.0301,annulus_4,1.0,0.76,XCD5,6.5,0.64,0.48,94.43
18.823,annulus_1,1.0,0.27,XCD6,12.6,1.77,0.38,61.45
17.073,annulus_1,1.0,0.27,XCD6,12.6,1.77,0.38,59.2
15.3644,annulus_1,1.0,0.27,XCD6,12.6,1.77,0.38,57.37
13.2562,annulus_1,1.0,0.27,XCD6,12.6,1.77,0.38,55.52
10.8499,annulus_1,1.0,0.27,XCD6,12.6,1.77,0.38,53.49
9.492,annulus_1,1.0,0.27,XCD6,12.6,1.77,0.38,52.55
8.4452,annulus_1,1.0,0.27,XCD6,12.6,1.77,0.38,51.49
7.2733,annulus_1,1.0,0.27,XCD6,12.6,1.77,0.38,50.06
5.7591,annulus_1,1.0,0.27,XCD6,12.6,1.77,0.38,48.11
4.7749,annulus_1,1.0,0.27,XCD6,12.6,1.77,0.38,46.89
3.9787,annulus_1,1.0,0.27,XCD6,12.6,1.77,0.38,45.4
3.027,annulus_1,1.0,0.27,XCD6,12.6,1.77,0.38,43.74
2.3847,annulus_1,1.0,0.27,XCD6,12.6,1.77,0.38,41.94
1.7487,annulus_1,1.0,0.27,XCD6,12.6,1.77,0.38,40.12
1.4545,annulus_1,1.0,0.27,XCD6,12.6,1.77,0.38,39.06
0.7982,annulus_1,1.0,0.27,XCD6,12.6,1.77,0.38,36.06
0.4871,annulus_1,1.0,0.27,XCD6,12.6,1.77,0.38,35.89
0.2011,annulus_1,1.0,0.27,XCD6,12.6,1.77,0.38,32.63
0.0886,annulus_1,1.0,0.27,XCD6,12.6,1.77,0.38,29.89
0.0312,annulus_1,1.0,0.27,XCD6,12.6,1.77,0.38,26.38
18.823,annulus_2,1.0,0.36,XCD6,12.6,1.77,0.38,71.93
17.073,annulus_2,1.0,0.36,XCD6,12.6,1.77,0.38,69.08
15.3644,annulus_2,1.0,0.36,XCD6,12.6,1.77,0.38,66.74
13.2562,annulus_2,1.0,0.36,XCD6,12.6,1.77,0.38,64.31
10.8499,annulus_2,1.0,0.36,XCD6,12.6,1.77,0.38,62.04
9.492,annulus_2,1.0,0.36,XCD6,12.6,1.77,0.38,60.41
8.4452,annulus_2,1.0,0.36,XCD6,12.6,1.77,0.38,59.0
7.2733,annulus_2,1.0,0.36,XCD6,12.6,1.77,0.38,57.28
5.7591,annulus_2,1.0,0.36,XCD6,12.6,1.77,0.38,54.83
4.7749,annulus_2,1.0,0.36,XCD6,12.6,1.77,0.38,53.03
3.9787,annulus_2,1.0,0.36,XCD6,12.6,1.77,0.38,51.63
3.027,annulus_2,1.0,0.36,XCD6,12.6,1.77,0.38,49.3
2.3847,annulus_2,1.0,0.36,XCD6,12.6,1.77,0.38,47.33
1.7487,annulus_2,1.0,0.36,XCD6,12.6,1.77,0.38,45.38
1.4545,annulus_2,1.0,0.36,XCD6,12.6,1.77,0.38,44.18
0.7982,annulus_2,1.0,0.36,XCD6,12.6,1.77,0.38,40.93
0.4871,annulus_2,1.0,0.36,XCD6,12.6,1.77,0.38,44.1
0.2011,annulus_2,1.0,0.36,XCD6,12.6,1.77,0.38,39.48
0.0886,annulus_2,1.0,0.36,XCD6,12.6,1.77,0.38,35.7
0.0312,annulus_2,1.0,0.36,XCD6,12.6,1.77,0.38,31.46
18.823,annulus_4,1.0,0.76,XCD6,12.6,1.77,0.38,1284.47
17.073,annulus_4,1.0,0.76,XCD6,12.6,1.77,0.38,1161.58
15.3644,annulus_4,1.0,0.76,XCD6,12.6,1.77,0.38,1057.76
13.2562,annulus_4,1.0,0.76,XCD6,12.6,1.77,0.38,942.87
10.8499,annulus_4,1.0,0.76,XCD6,12.6,1.77,0.38,825.66
9.492,annulus_4,1.0,0.76,XCD6,12.6,1.77,0.38,770.12
8.4452,annulus_4,1.0,0.76,XCD6,12.6,1.77,0.38,716.07
7.2733,annulus_4,1.0,0.76,XCD6,12.6,1.77,0.38,665.82
5.7591,annulus_4,1.0,0.76,XCD6,12.6,1.77,0.38,595.2
4.7749,annulus_4,1.0,0.76,XCD6,12.6,1.77,0.38,553.1
3.9787,annulus_4,1.0,0.76,XCD6,12.6,1.77,0.38,508.08
3.027,annulus_4,1.0,0.76,XCD6,12.6,1.77,0.38,455.1
2.3847,annulus_4,1.0,0.76,XCD6,12.6,1.77,0.38,416.45
1.7487,annulus_4,1.0,0.76,XCD6,12.6,1.77,0.38,372.54
1.4545,annulus_4,1.0,0.76,XCD6,12.6,1.77,0.38,348.99
0.7982,annulus_4,1.0,0.76,XCD6,12.6,1.77,0.38,298.36
0.4871,annulus_4,1.0,0.76,XCD6,12.6,1.77,0.38,275.34
0.2011,annulus_4,1.0,0.76,XCD6,12.6,1.77,0.38,266.32
0.0886,annulus_4,1.0,0.76,XCD6,12.6,1.77,0.38,206.03
0.0312,annulus_4,1.0,0.76,XCD6,12.6,1.77,0.38,181.54
18.6763,annulus_1,1.0,0.27,XCD7,6.4,0.81,0.45,39.06
16.6691,annulus_1,1.0,0.27,XCD7,6.4,0.81,0.45,37.76
15.5698,annulus_1,1.0,0.27,XCD7,6.4,0.81,0.45,37.18
13.5956,annulus_1,1.0,0.27,XCD7,6.4,0.81,0.45,36.03
11.3115,annulus_1,1.0,0.27,XCD7,6.4,0.81,0.45,34.74
9.522,annulus_1,1.0,0.27,XCD7,6.4,0.81,0.45,33.44
8.0291,annulus_1,1.0,0.27,XCD7,6.4,0.81,0.45,32.53
6.399,annulus_1,1.0,0.27,XCD7,6.4,0.81,0.45,31.15
4.9316,annulus_1,1.0,0.27,XCD7,6.4,0.81,0.45,29.73
3.5665,annulus_1,1.0,0.27,XCD7,6.4,0.81,0.45,28.22
2.4896,annulus_1,1.0,0.27,XCD7,6.4,0.81,0.45,26.58
1.6954,annulus_1,1.0,0.27,XCD7,6.4,0.81,0.45,24.98
1.1221,annulus_1,1.0,0.27,XCD7,6.4,0.81,0.45,23.49
0.5075,annulus_1,1.0,0.27,XCD7,6.4,0.81,0.45,20.85
0.5411,annulus_1,1.0,0.27,XCD7,6.4,0.81,0.45,19.91
0.316,annulus_1,1.0,0.27,XCD7,6.4,0.81,0.45,17.83
0.1716,annulus_1,1.0,0.27,XCD7,6.4,0.81,0.45,16.45
0.0911,annulus_1,1.0,0.27,XCD7,6.4,0.81,0.45,14.69
0.0287,annulus_1,1.0,0.27,XCD7,6.4,0.81,0.45,11.78
18.6763,annulus_2,1.0,0.36,XCD7,6.4,0.81,0.45,46.11
16.6691,annulus_2,1.0,0.36,XCD7,6.4,0.81,0.45,44.28
15.5698,annulus_2,1.0,0.36,XCD7,6.4,0.81,0.45,43.79
13.5956,annulus_2,1.0,0.36,XCD7,6.4,0.81,0.45,41.95
11.3115,annulus_2,1.0,0.36,XCD7,6.4,0.81,0.45,39.99
9.522,annulus_2,1.0,0.36,XCD7,6.4,0.81,0.45,38.68
8.0291,annulus_2,1.0,0.36,XCD7,6.4,0.81,0.45,37.29
6.399,annulus_2,1.0,0.36,XCD7,6.4,0.81,0.45,35.66
4.9316,annulus_2,1.0,0.36,XCD7,6.4,0.81,0.45,34.16
3.5665,annulus_2,1.0,0.36,XCD7,6.4,0.81,0.45,31.97
2.4896,annulus_2,1.0,0.36,XCD7,6.4,0.81,0.45,30.08
1.6954,annulus_2,1.0,0.36,XCD7,6.4,0.81,0.45,28.16
1.1221,annulus_2,1.0,0.36,XCD7,6.4,0.81,0.45,26.55
0.5075,annulus_2,1.0,0.36,XCD7,6.4,0.81,0.45,22.38
0.5411,annulus_2,1.0,0.36,XCD7,6.4,0.81,0.45,21.93
0.316,annulus_2,1.0,0.36,XCD7,6.4,0.81,0.45,20.76
0.1716,annulus_2,1.0,0.36,XCD7,6.4,0.81,0.45,19.39
0.0911,annulus_2,1.0,0.36,XCD7,6.4,0.81,0.45,17.58
0.0287,annulus_2,1.0,0.36,XCD7,6.4,0.81,0.45,14.04
18.6763,annulus_4,1.0,0.76,XCD7,6.4,0.81,0.45,1274.33
16.6691,annulus_4,1.0,0.76,XCD7,6.4,0.81,0.45,1135.76
15.5698,annulus_4,1.0,0.76,XCD7,6.4,0.81,0.45,1056.55
13.5956,annulus_4,1.0,0.76,XCD7,6.4,0.81,0.45,916.84
11.3115,annulus_4,1.0,0.76,XCD7,6.4,0.81,0.45,614.68
9.522,annulus_4,1.0,0.76,XCD7,6.4,0.81,0.45,551.53
8.0291,annulus_4,1.0,0.76,XCD7,6.4,0.81,0.45,498.78
6.399,annulus_4,1.0,0.76,XCD7,6.4,0.81,0.45,439.5
4.9316,annulus_4,1.0,0.76,XCD7,6.4,0.81,0.45,385.45
3.5665,annulus_4,1.0,0.76,XCD7,6.4,0.81,0.45,330.77
2.4896,annulus_4,1.0,0.76,XCD7,6.4,0.81,0.45,284.97
1.6954,annulus_4,1.0,0.76,XCD7,6.4,0.81,0.45,246.66
1.1221,annulus_4,1.0,0.76,XCD7,6.4,0.81,0.45,213.26
0.5075,annulus_4,1.0,0.76,XCD7,6.4,0.81,0.45,170.2
0.5411,annulus_4,1.0,0.76,XCD7,6.4,0.81,0.45,168.62
0.316,annulus_4,1.0,0.76,XCD7,6.4,0.81,0.45,143.38
0.1716,annulus_4,1.0,0.76,XCD7,6.4,0.81,0.45,118.8
0.0911,annulus_4,1.0,0.76,XCD7,6.4,0.81,0.45,104.89
0.0287,annulus_4,1.0,0.76,XCD7,6.4,0.81,0.45,86.61
18.2748,annulus_1,1.0,0.27,XCD8,4.9,0.7,0.45,32.35
16.052,annulus_1,1.0,0.27,XCD8,4.9,0.7,0.45,30.96
14.4016,annulus_1,1.0,0.27,XCD8,4.9,0.7,0.45,29.98
12.2966,annulus_1,1.0,0.27,XCD8,4.9,0.7,0.45,28.66
11.221,annulus_1,1.0,0.27,XCD8,4.9,0.7,0.45,28.29
9.8991,annulus_1,1.0,0.27,XCD8,4.9,0.7,0.45,27.34
8.2238,annulus_1,1.0,0.27,XCD8,4.9,0.7,0.45,26.11
7.1329,annulus_1,1.0,0.27,XCD8,4.9,0.7,0.45,25.35
5.8974,annulus_1,1.0,0.27,XCD8,4.9,0.7,0.45,24.41
4.7064,annulus_1,1.0,0.27,XCD8,4.9,0.7,0.45,23.28
3.5623,annulus_1,1.0,0.27,XCD8,4.9,0.7,0.45,21.95
2.981,annulus_1,1.0,0.27,XCD8,4.9,0.7,0.45,21.3
2.3825,annulus_1,1.0,0.27,XCD8,4.9,0.7,0.45,20.36
1.7237,annulus_1,1.0,0.27,XCD8,4.9,0.7,0.45,19.1
1.2094,annulus_1,1.0,0.27,XCD8,4.9,0.7,0.45,18.01
0.9108,annulus_1,1.0,0.27,XCD8,4.9,0.7,0.45,17.13
0.5495,annulus_1,1.0,0.27,XCD8,4.9,0.7,0.45,15.62
0.5735,annulus_1,1.0,0.27,XCD8,4.9,0.7,0.45,15.88
0.379,annulus_1,1.0,0.27,XCD8,4.9,0.7,0.45,14.78
0.2328,annulus_1,1.0,0.27,XCD8,4.9,0.7,0.45,13.46
0.1317,annulus_1,1.0,0.27,XCD8,4.9,0.7,0.45,12.02
0.067,annulus_1,1.0,0.27,XCD8,4.9,0.7,0.45,10.35
0.0371,annulus_1,1.0,0.27,XCD8,4.9,0.7,0.45,8.87
18.2748,annulus_2,1.0,0.36,XCD8,4.9,0.7,0.45,38.46
16.052,annulus_2,1.0,0.36,XCD8,4.9,0.7,0.45,36.55
14.4016,annulus_2,1.0,0.36,XCD8,4.9,0.7,0.45,35.03
12.2966,annulus_2,1.0,0.36,XCD8,4.9,0.7,0.45,33.45
11.221,annulus_2,1.0,0.36,XCD8,4.9,0.7,0.45,32.89
9.8991,annulus_2,1.0,0.36,XCD8,4.9,0.7,0.45,31.48
8.2238,annulus_2,1.0,0.36,XCD8,4.9,0.7,0.45,30.25
7.1329,annulus_2,1.0,0.36,XCD8,4.9,0.7,0.45,29.25
5.8974,annulus_2,1.0,0.36,XCD8,4.9,0.7,0.45,28.03
4.7064,annulus_2,1.0,0.36,XCD8,4.9,0.7,0.45,26.59
3.5623,annulus_2,1.0,0.36,XCD8,4.9,0.7,0.45,25.06
2.981,annulus_2,1.0,0.36,XCD8,4.9,0.7,0.45,24.26
2.3825,annulus_2,1.0,0.36,XCD8,4.9,0.7,0.45,23.15
1.7237,annulus_2,1.0,0.36,XCD8,4.9,0.7,0.45,21.83
1.2094,annulus_2,1.0,0.36,XCD8,4.9,0.7,0.45,20.19
0.9108,annulus_2,1.0,0.36,XCD8,4.9,0.7,0.45,19.36
0.5495,annulus_2,1.0,0.36,XCD8,4.9,0.7,0.45,17.67
0.5735,annulus_2,1.0,0.36,XCD8,4.9,0.7,0.45,18.0
0.379,annulus_2,1.0,0.36,XCD8,4.9,0.7,0.45,16.79
0.2328,annulus_2,1.0,0.36,XCD8,4.9,0.7,0.45,15.35
0.1317,annulus_2,1.0,0.36,XCD8,4.9,0.7,0.45,13.66
0.067,annulus_2,1.0,0.36,XCD8,4.9,0.7,0.45,11.76
0.0371,annulus_2,1.0,0.36,XCD8,4.9,0.7,0.45,10.12
18.2748,annulus_4,1.0,0.76,XCD8,4.9,0.7,0.45,1179.08
16.052,annulus_4,1.0,0.76,XCD8,4.9,0.7,0.45,1021.42
14.4016,annulus_4,1.0,0.76,XCD8,4.9,0.7,0.45,915.32
12.2966,annulus_4,1.0,0.76,XCD8,4.9,0.7,0.45,608.63
11.221,annulus_4,1.0,0.76,XCD8,4.9,0.7,0.45,562.6
9.8991,annulus_4,1.0,0.76,XCD8,4.9,0.7,0.45,512.07
8.2238,annulus_4,1.0,0.76,XCD8,4.9,0.7,0.45,451.57
7.1329,annulus_4,1.0,0.76,XCD8,4.9,0.7,0.45,407.44
5.8974,annulus_4,1.0,0.76,XCD8,4.9,0.7,0.45,365.5
4.7064,annulus_4,1.0,0.76,XCD8,4.9,0.7,0.45,325.32
3.5623,annulus_4,1.0,0.76,XCD8,4.9,0.7,0.45,280.89
2.981,annulus_4,1.0,0.76,XCD8,4.9,0.7,0.45,257.89
2.3825,annulus_4,1.0,0.76,XCD8,4.9,0.7,0.45,234.93
1.7237,annulus_4,1.0,0.76,XCD8,4.9,0.7,0.45,205.93
1.2094,annulus_4,1.0,0.76,XCD8,4.9,0.7,0.45,179.41
0.9108,annulus_4,1.0,0.76,XCD8,4.9,0.7,0.45,161.92
0.5495,annulus_4,1.0,0.76,XCD8,4.9,0.7,0.45,139.16
0.5735,annulus_4,1.0,0.76,XCD8,4.9,0.7,0.45,140.34
0.379,annulus_4,1.0,0.76,XCD8,4.9,0.7,0.45,124.34
0.2328,annulus_4,1.0,0.76,XCD8,4.9,0.7,0.45,110.3
0.1317,annulus_4,1.0,0.76,XCD8,4.9,0.7,0.45,94.31
0.067,annulus_4,1.0,0.76,XCD8,4.9,0.7,0.45,82.54
0.0371,annulus_4,1.0,0.76,XCD8,4.9,0.7,0.45,70.73
16.4815,annulus_1,1.0,0.27,XCD-PAC4,1.9,4.28,0.36,75.93
14.9697,annulus_1,1.0,0.27,XCD-PAC4,1.9,4.28,0.36,72.9
13.7136,annulus_1,1.0,0.27,XCD-PAC4,1.9,4.28,0.36,70.66
12.4359,annulus_1,1.0,0.27,XCD-PAC4,1.9,4.28,0.36,68.45
10.199,annulus_1,1.0,0.27,XCD-PAC4,1.9,4.28,0.36,64.35
8.5713,annulus_1,1.0,0.27,XCD-PAC4,1.9,4.28,0.36,61.36
7.0164,annulus_1,1.0,0.27,XCD-PAC4,1.9,4.28,0.36,57.9
6.0652,annulus_1,1.0,0.27,XCD-PAC4,1.9,4.28,0.36,55.61
4.8113,annulus_1,1.0,0.27,XCD-PAC4,1.9,4.28,0.36,51.7
3.4997,annulus_1,1.0,0.27,XCD-PAC4,1.9,4.28,0.36,46.89
2.6635,annulus_1,1.0,0.27,XCD-PAC4,1.9,4.28,0.36,43.2
2.108,annulus_1,1.0,0.27,XCD-PAC4,1.9,4.28,0.36,40.3
1.6105,annulus_1,1.0,0.27,XCD-PAC4,1.9,4.28,0.36,36.82
1.2688,annulus_1,1.0,0.27,XCD-PAC4,1.9,4.28,0.36,34.15
0.7619,annulus_1,1.0,0.27,XCD-PAC4,1.9,4.28,0.36,28.94
0.4776,annulus_1,1.0,0.27,XCD-PAC4,1.9,4.28,0.36,25.13
0.4596,annulus_1,1.0,0.27,XCD-PAC4,1.9,4.28,0.36,25.23
0.3515,annulus_1,1.0,0.27,XCD-PAC4,1.9,4.28,0.36,23.22
0.2416,annulus_1,1.0,0.27,XCD-PAC4,1.9,4.28,0.36,20.71
0.1308,annulus_1,1.0,0.27,XCD-PAC4,1.9,4.28,0.36,17.14
0.0804,annulus_1,1.0,0.27,XCD-PAC4,1.9,4.28,0.36,14.79
0.0485,annulus_1,1.0,0.27,XCD-PAC4,1.9,4.28,0.36,12.72
0.0331,annulus_1,1.0,0.27,XCD-PAC4,1.9,4.28,0.36,11.47
16.4815,annulus_2,1.0,0.36,XCD-PAC4,1.9,4.28,0.36,91.67
14.9697,annulus_2,1.0,0.36,XCD-PAC4,1.9,4.28,0.36,87.46
13.7136,annulus_2,1.0,0.36,XCD-PAC4,1.9,4.28,0.36,84.3
12.4359,annulus_2,1.0,0.36,XCD-PAC4,1.9,4.28,0.36,81.55
10.199,annulus_2,1.0,0.36,XCD-PAC4,1.9,4.28,0.36,76.71
8.5713,annulus_2,1.0,0.36,XCD-PAC4,1.9,4.28,0.36,72.94
7.0164,annulus_2,1.0,0.36,XCD-PAC4,1.9,4.28,0.36,68.67
6.0652,annulus_2,1.0,0.36,XCD-PAC4,1.9,4.28,0.36,65.46
4.8113,annulus_2,1.0,0.36,XCD-PAC4,1.9,4.28,0.36,60.93
3.4997,annulus_2,1.0,0.36,XCD-PAC4,1.9,4.28,0.36,55.13
2.6635,annulus_2,1.0,0.36,XCD-PAC4,1.9,4.28,0.36,50.59
2.108,annulus_2,1.0,0.36,XCD-PAC4,1.9,4.28,0.36,47.37
1.6105,annulus_2,1.0,0.36,XCD-PAC4,1.9,4.28,0.36,43.49
1.2688,annulus_2,1.0,0.36,XCD-PAC4,1.9,4.28,0.36,40.15
0.7619,annulus_2,1.0,0.36,XCD-PAC4,1.9,4.28,0.36,34.06
0.4776,annulus_2,1.0,0.36,XCD-PAC4,1.9,4.28,0.36,29.33
0.4596,annulus_2,1.0,0.36,XCD-PAC4,1.9,4.28,0.36,29.55
0.3515,annulus_2,1.0,0.36,XCD-PAC4,1.9,4.28,0.36,27.24
0.2416,annulus_2,1.0,0.36,XCD-PAC4,1.9,4.28,0.36,24.13
0.1308,annulus_2,1.0,0.36,XCD-PAC4,1.9,4.28,0.36,20.0
0.0804,annulus_2,1.0,0.36,XCD-PAC4,1.9,4.28,0.36,17.2
0.0485,annulus_2,1.0,0.36,XCD-PAC4,1.9,4.28,0.36,14.83
0.0331,annulus_2,1.0,0.36,XCD-PAC4,1.9,4.28,0.36,13.29
16.4815,annulus_4,1.0,0.76,XCD-PAC4,1.9,4.28,0.36,1531.38
14.9697,annulus_4,1.0,0.76,XCD-PAC4,1.9,4.28,0.36,1413.11
13.7136,annulus_4,1.0,0.76,XCD-PAC4,1.9,4.28,0.36,1325.23
12.4359,annulus_4,1.0,0.76,XCD-PAC4,1.9,4.28,0.36,1243.07
10.199,annulus_4,1.0,0.76,XCD-PAC4,1.9,4.28,0.36,1103.3
8.5713,annulus_4,1.0,0.76,XCD-PAC4,1.9,4.28,0.36,1007.14
7.0164,annulus_4,1.0,0.76,XCD-PAC4,1.9,4.28,0.36,919.21
6.0652,annulus_4,1.0,0.76,XCD-PAC4,1.9,4.28,0.36,859.74
4.8113,annulus_4,1.0,0.76,XCD-PAC4,1.9,4.28,0.36,769.32
3.4997,annulus_4,1.0,0.76,XCD-PAC4,1.9,4.28,0.36,666.66
2.6635,annulus_4,1.0,0.76,XCD-PAC4,1.9,4.28,0.36,589.45
2.108,annulus_4,1.0,0.76,XCD-PAC4,1.9,4.28,0.36,546.88
1.6105,annulus_4,1.0,0.76,XCD-PAC4,1.9,4.28,0.36,491.63
1.2688,annulus_4,1.0,0.76,XCD-PAC4,1.9,4.28,0.36,446.89
0.7619,annulus_4,1.0,0.76,XCD-PAC4,1.9,4.28,0.36,372.09
0.4776,annulus_4,1.0,0.76,XCD-PAC4,1.9,4.28,0.36,318.22
0.4596,annulus_4,1.0,0.76,XCD-PAC4,1.9,4.28,0.36,319.22
0.3515,annulus_4,1.0,0.76,XCD-PAC4,1.9,4.28,0.36,291.74
0.2416,annulus_4,1.0,0.76,XCD-PAC4,1.9,4.28,0.36,257.74
0.1308,annulus_4,1.0,0.76,XCD-PAC4,1.9,4.28,0.36,210.53
0.0804,annulus_4,1.0,0.76,XCD-PAC4,1.9,4.28,0.36,180.75
0.0485,annulus_4,1.0,0.76,XCD-PAC4,1.9,4.28,0.36,154.28
0.0331,annulus_4,1.0,0.76,XCD-PAC4,1.9,4.28,0.36,139.28
14.6376,annulus_1,0.75,0.27,XCD-PAC5,3.5,3.27,0.39,76.8
13.7002,annulus_1,0.75,0.27,XCD-PAC5,3.5,3.27,0.39,75.0
12.5108,annulus_1,0.75,0.27,XCD-PAC5,3.5,3.27,0.39,72.35
10.3599,annulus_1,0.75,0.27,XCD-PAC5,3.5,3.27,0.39,68.23
8.8176,annulus_1,0.75,0.27,XCD-PAC5,3.5,3.27,0.39,64.8
7.7482,annulus_1,0.75,0.27,XCD-PAC5,3.5,3.27,0.39,62.35
6.1367,annulus_1,0.75,0.27,XCD-PAC5,3.5,3.27,0.39,57.94
4.8775,annulus_1,0.75,0.27,XCD-PAC5,3.5,3.27,0.39,53.56
3.3879,annulus_1,0.75,0.27,XCD-PAC5,3.5,3.27,0.39,47.55
2.6656,annulus_1,0.75,0.27,XCD-PAC5,3.5,3.27,0.39,43.93
2.1411,annulus_1,0.75,0.27,XCD-PAC5,3.5,3.27,0.39,40.65
1.6531,annulus_1,0.75,0.27,XCD-PAC5,3.5,3.27,0.39,37.04
1.1466,annulus_1,0.75,0.27,XCD-PAC5,3.5,3.27,0.39,32.58
0.6048,annulus_1,0.75,0.27,XCD-PAC5,3.5,3.27,0.39,26.09
0.4715,annulus_1,0.75,0.27,XCD-PAC5,3.5,3.27,0.39,23.89
0.3709,annulus_1,0.75,0.27,XCD-PAC5,3.5,3.27,0.39,21.8
0.233,annulus_1,0.75,0.27,XCD-PAC5,3.5,3.27,0.39,18.58
0.1472,annulus_1,0.75,0.27,XCD-PAC5,3.5,3.27,0.39,15.93
0.0763,annulus_1,0.75,0.27,XCD-PAC5,3.5,3.27,0.39,12.84
0.036,annulus_1,0.75,0.27,XCD-PAC5,3.5,3.27,0.39,10.37
14.6376,annulus_2,0.6,0.36,XCD-PAC5,3.5,3.27,0.39,97.61
13.7002,annulus_2,0.6,0.36,XCD-PAC5,3.5,3.27,0.39,95.19
12.5108,annulus_2,0.6,0.36,XCD-PAC5,3.5,3.27,0.39,91.91
10.3599,annulus_2,0.6,0.36,XCD-PAC5,3.5,3.27,0.39,86.41
8.8176,annulus_2,0.6,0.36,XCD-PAC5,3.5,3.27,0.39,82.64
7.7482,annulus_2,0.6,0.36,XCD-PAC5,3.5,3.27,0.39,79.46
6.1367,annulus_2,0.6,0.36,XCD-PAC5,3.5,3.27,0.39,73.15
4.8775,annulus_2,0.6,0.36,XCD-PAC5,3.5,3.27,0.39,68.0
3.3879,annulus_2,0.6,0.36,XCD-PAC5,3.5,3.27,0.39,59.94
2.6656,annulus_2,0.6,0.36,XCD-PAC5,3.5,3.27,0.39,55.24
2.1411,annulus_2,0.6,0.36,XCD-PAC5,3.5,3.27,0.39,51.37
1.6531,annulus_2,0.6,0.36,XCD-PAC5,3.5,3.27,0.39,47.05
1.1466,annulus_2,0.6,0.36,XCD-PAC5,3.5,3.27,0.39,41.57
0.6048,annulus_2,0.6,0.36,XCD-PAC5,3.5,3.27,0.39,33.19
0.4715,annulus_2,0.6,0.36,XCD-PAC5,3.5,3.27,0.39,30.21
0.3709,annulus_2,0.6,0.36,XCD-PAC5,3.5,3.27,0.39,27.91
0.233,annulus_2,0.6,0.36,XCD-PAC5,3.5,3.27,0.39,23.92
0.1472,annulus_2,0.6,0.36,XCD-PAC5,3.5,3.27,0.39,20.29
0.0763,annulus_2,0.6,0.36,XCD-PAC5,3.5,3.27,0.39,16.48
0.036,annulus_2,0.6,0.36,XCD-PAC5,3.5,3.27,0.39,13.2
14.6376,annulus_4,0.8,0.76,XCD-PAC5,3.5,3.27,0.39,1401.13
13.7002,annulus_4,0.8,0.76,XCD-PAC5,3.5,3.27,0.39,1340.44
12.5108,annulus_4,0.8,0.76,XCD-PAC5,3.5,3.27,0.39,1261.09
10.3599,annulus_4,0.8,0.76,XCD-PAC5,3.5,3.27,0.39,1131.77
8.8176,annulus_4,0.8,0.76,XCD-PAC5,3.5,3.27,0.39,1038.81
7.7482,annulus_4,0.8,0.76,XCD-PAC5,3.5,3.27,0.39,974.03
6.1367,annulus_4,0.8,0.76,XCD-PAC5,3.5,3.27,0.39,870.68
4.8775,annulus_4,0.8,0.76,XCD-PAC5,3.5,3.27,0.39,786.69
3.3879,annulus_4,0.8,0.76,XCD-PAC5,3.5,3.27,0.39,670.64
2.6656,annulus_4,0.8,0.76,XCD-PAC5,3.5,3.27,0.39,606.13
2.1411,annulus_4,0.8,0.76,XCD-PAC5,3.5,3.27,0.39,554.31
1.6531,annulus_4,0.8,0.76,XCD-PAC5,3.5,3.27,0.39,504.9
1.1466,annulus_4,0.8,0.76,XCD-PAC5,3.5,3.27,0.39,437.42
0.6048,annulus_4,0.8,0.76,XCD-PAC5,3.5,3.27,0.39,350.37
0.4715,annulus_4,0.8,0.76,XCD-PAC5,3.5,3.27,0.39,322.11
0.3709,annulus_4,0.8,0.76,XCD-PAC5,3.5,3.27,0.39,295.32
0.233,annulus_4,0.8,0.76,XCD-PAC5,3.5,3.27,0.39,250.43
0.1472,annulus_4,0.8,0.76,XCD-PAC5,3.5,3.27,0.39,215.39
0.0763,annulus_4,0.8,0.76,XCD-PAC5,3.5,3.27,0.39,176.09
0.036,annulus_4,0.8,0.76,XCD-PAC5,3.5,3.27,0.39,143.71
19.5179,annulus_1,0.75,0.27,XCD9,8.1,0.9,0.45,45.97
17.5772,annulus_1,0.75,0.27,XCD9,8.1,0.9,0.45,44.26
16.2736,annulus_1,0.75,0.27,XCD9,8.1,0.9,0.45,43.25
14.8518,annulus_1,0.75,0.27,XCD9,8.1,0.9,0.45,42.1
13.2387,annulus_1,0.75,0.27,XCD9,8.1,0.9,0.45,40.87
11.9625,annulus_1,0.75,0.27,XCD9,8.1,0.9,0.45,39.91
10.7312,annulus_1,0.75,0.27,XCD9,8.1,0.9,0.45,38.69
9.4025,annulus_1,0.75,0.27,XCD9,8.1,0.9,0.45,37.64
7.7639,annulus_1,0.75,0.27,XCD9,8.1,0.9,0.45,36.19
6.1323,annulus_1,0.75,0.27,XCD9,8.1,0.9,0.45,34.58
3.7924,annulus_1,0.75,0.27,XCD9,8.1,0.9,0.45,31.48
3.0529,annulus_1,0.75,0.27,XCD9,8.1,0.9,0.45,30.49
2.4175,annulus_1,0.75,0.27,XCD9,8.1,0.9,0.45,29.05
1.7914,annulus_1,0.75,0.27,XCD9,8.1,0.9,0.45,27.69
1.2689,annulus_1,0.75,0.27,XCD9,8.1,0.9,0.45,26.04
0.7957,annulus_1,0.75,0.27,XCD9,8.1,0.9,0.45,24.29
0.6117,annulus_1,0.75,0.27,XCD9,8.1,0.9,0.45,23.31
0.4524,annulus_1,0.75,0.27,XCD9,8.1,0.9,0.45,24.04
0.2537,annulus_1,0.75,0.27,XCD9,8.1,0.9,0.45,22.07
0.1321,annulus_1,0.75,0.27,XCD9,8.1,0.9,0.45,20.24
0.0484,annulus_1,0.75,0.27,XCD9,8.1,0.9,0.45,17.48
19.5179,annulus_2,0.6,0.36,XCD9,8.1,0.9,0.45,56.63
17.5772,annulus_2,0.6,0.36,XCD9,8.1,0.9,0.45,54.42
16.2736,annulus_2,0.6,0.36,XCD9,8.1,0.9,0.45,52.94
14.8518,annulus_2,0.6,0.36,XCD9,8.1,0.9,0.45,51.54
13.2387,annulus_2,0.6,0.36,XCD9,8.1,0.9,0.45,49.99
11.9625,annulus_2,0.6,0.36,XCD9,8.1,0.9,0.45,48.82
10.7312,annulus_2,0.6,0.36,XCD9,8.1,0.9,0.45,47.64
9.4025,annulus_2,0.6,0.36,XCD9,8.1,0.9,0.45,46.09
7.7639,annulus_2,0.6,0.36,XCD9,8.1,0.9,0.45,44.27
6.1323,annulus_2,0.6,0.36,XCD9,8.1,0.9,0.45,41.91
3.7924,annulus_2,0.6,0.36,XCD9,8.1,0.9,0.45,38.22
3.0529,annulus_2,0.6,0.36,XCD9,8.1,0.9,0.45,36.54
2.4175,annulus_2,0.6,0.36,XCD9,8.1,0.9,0.45,35.06
1.7914,annulus_2,0.6,0.36,XCD9,8.1,0.9,0.45,33.15
1.2689,annulus_2,0.6,0.36,XCD9,8.1,0.9,0.45,31.14
0.7957,annulus_2,0.6,0.36,XCD9,8.1,0.9,0.45,29.02
0.6117,annulus_2,0.6,0.36,XCD9,8.1,0.9,0.45,28.0
0.4524,annulus_2,0.6,0.36,XCD9,8.1,0.9,0.45,28.68
0.2537,annulus_2,0.6,0.36,XCD9,8.1,0.9,0.45,26.45
0.1321,annulus_2,0.6,0.36,XCD9,8.1,0.9,0.45,23.89
0.0484,annulus_2,0.6,0.36,XCD9,8.1,0.9,0.45,20.45
19.5179,annulus_4,0.8,0.76,XCD9,8.1,0.9,0.45,1114.42
17.5772,annulus_4,0.8,0.76,XCD9,8.1,0.9,0.45,992.27
16.2736,annulus_4,0.8,0.76,XCD9,8.1,0.9,0.45,915.83
14.8518,annulus_4,0.8,0.76,XCD9,8.1,0.9,0.45,849.57
13.2387,annulus_4,0.8,0.76,XCD9,8.1,0.9,0.45,771.33
11.9625,annulus_4,0.8,0.76,XCD9,8.1,0.9,0.45,716.25
10.7312,annulus_4,0.8,0.76,XCD9,8.1,0.9,0.45,665.43
9.4025,annulus_4,0.8,0.76,XCD9,8.1,0.9,0.45,609.08
7.7639,annulus_4,0.8,0.76,XCD9,8.1,0.9,0.45,547.34
6.1323,annulus_4,0.8,0.76,XCD9,8.1,0.9,0.45,480.61
3.7924,annulus_4,0.8,0.76,XCD9,8.1,0.9,0.45,375.87
3.0529,annulus_4,0.8,0.76,XCD9,8.1,0.9,0.45,342.97
2.4175,annulus_4,0.8,0.76,XCD9,8.1,0.9,0.45,312.16
1.7914,annulus_4,0.8,0.76,XCD9,8.1,0.9,0.45,278.44
1.2689,annulus_4,0.8,0.76,XCD9,8.1,0.9,0.45,244.52
0.7957,annulus_4,0.8,0.76,XCD9,8.1,0.9,0.45,212.75
0.6117,annulus_4,0.8,0.76,XCD9,8.1,0.9,0.45,196.11
0.4524,annulus_4,0.8,0.76,XCD9,8.1,0.9,0.45,196.16
0.2537,annulus_4,0.8,0.76,XCD9,8.1,0.9,0.45,165.46
0.1321,annulus_4,0.8,0.76,XCD9,8.1,0.9,0.45,138.23
0.0484,annulus_4,0.8,0.76,XCD9,8.1,0.9,0.45,116.31
16.0015,annulus_1,0.65,0.27,XCD10,9.0,1.01,0.48,60.67
14.7502,annulus_1,0.65,0.27,XCD10,9.0,1.01,0.48,58.35
13.4102,annulus_1,0.65,0.27,XCD10,9.0,1.01,0.48,56.39
12.1711,annulus_1,0.65,0.27,XCD10,9.0,1.01,0.48,54.7
10.1441,annulus_1,0.65,0.27,XCD10,9.0,1.01,0.48,52.0
9.1456,annulus_1,0.65,0.27,XCD10,9.0,1.01,0.48,50.53
8.1403,annulus_1,0.65,0.27,XCD10,9.0,1.01,0.48,49.46
7.1112,annulus_1,0.65,0.27,XCD10,9.0,1.01,0.48,47.9
5.9314,annulus_1,0.65,0.27,XCD10,9.0,1.01,0.48,46.15
4.6217,annulus_1,0.65,0.27,XCD10,9.0,1.01,0.48,43.51
3.617,annulus_1,0.65,0.27,XCD10,9.0,1.01,0.48,41.35
2.7948,annulus_1,0.65,0.27,XCD10,9.0,1.01,0.48,39.41
1.7409,annulus_1,0.65,0.27,XCD10,9.0,1.01,0.48,35.73
1.2742,annulus_1,0.65,0.27,XCD10,9.0,1.01,0.48,33.37
0.8146,annulus_1,0.65,0.27,XCD10,9.0,1.01,0.48,30.75
0.4978,annulus_1,0.65,0.27,XCD10,9.0,1.01,0.48,28.24
0.4611,annulus_1,0.65,0.27,XCD10,9.0,1.01,0.48,28.89
0.3081,annulus_1,0.65,0.27,XCD10,9.0,1.01,0.48,27.17
0.1793,annulus_1,0.65,0.27,XCD10,9.0,1.01,0.48,25.2
0.0625,annulus_1,0.65,0.27,XCD10,9.0,1.01,0.48,21.61
16.0015,annulus_2,0.0,0.36,XCD10,9.0,1.01,0.48,96.57
14.7502,annulus_2,0.0,0.36,XCD10,9.0,1.01,0.48,91.97
13.4102,annulus_2,0.0,0.36,XCD10,9.0,1.01,0.48,87.95
12.1711,annulus_2,0.0,0.36,XCD10,9.0,1.01,0.48,84.41
10.1441,annulus_2,0.0,0.36,XCD10,9.0,1.01,0.48,79.36
9.1456,annulus_2,0.0,0.36,XCD10,9.0,1.01,0.48,77.3
8.1403,annulus_2,0.0,0.36,XCD10,9.0,1.01,0.48,74.7
7.1112,annulus_2,0.0,0.36,XCD10,9.0,1.01,0.48,71.95
5.9314,annulus_2,0.0,0.36,XCD10,9.0,1.01,0.48,68.37
4.6217,annulus_2,0.0,0.36,XCD10,9.0,1.01,0.48,63.94
3.617,annulus_2,0.0,0.36,XCD10,9.0,1.01,0.48,60.07
2.7948,annulus_2,0.0,0.36,XCD10,9.0,1.01,0.48,57.07
1.7409,annulus_2,0.0,0.36,XCD10,9.0,1.01,0.48,51.16
1.2742,annulus_2,0.0,0.36,XCD10,9.0,1.01,0.48,48.28
0.8146,annulus_2,0.0,0.36,XCD10,9.0,1.01,0.48,44.33
0.4978,annulus_2,0.0,0.36,XCD10,9.0,1.01,0.48,40.75
0.4611,annulus_2,0.0,0.36,XCD10,9.0,1.01,0.48,43.01
0.3081,annulus_2,0.0,0.36,XCD10,9.0,1.01,0.48,40.1
0.1793,annulus_2,0.0,0.36,XCD10,9.0,1.01,0.48,36.85
0.0625,annulus_2,0.0,0.36,XCD10,9.0,1.01,0.48,31.91
16.0015,annulus_4,0.85,0.76,XCD10,9.0,1.01,0.48,1312.54
14.7502,annulus_4,0.85,0.76,XCD10,9.0,1.01,0.48,1202.66
13.4102,annulus_4,0.85,0.76,XCD10,9.0,1.01,0.48,1126.86
12.1711,annulus_4,0.85,0.76,XCD10,9.0,1.01,0.48,1103.97
10.1441,annulus_4,0.85,0.76,XCD10,9.0,1.01,0.48,1028.97
9.1456,annulus_4,0.85,0.76,XCD10,9.0,1.01,0.48,869.33
8.1403,annulus_4,0.85,0.76,XCD10,9.0,1.01,0.48,788.74
7.1112,annulus_4,0.85,0.76,XCD10,9.0,1.01,0.48,732.98
5.9314,annulus_4,0.85,0.76,XCD10,9.0,1.01,0.48,645.98
4.6217,annulus_4,0.85,0.76,XCD10,9.0,1.01,0.48,573.73
3.617,annulus_4,0.85,0.76,XCD10,9.0,1.01,0.48,513.33
2.7948,annulus_4,0.85,0.76,XCD10,9.0,1.01,0.48,455.66
1.7409,annulus_4,0.85,0.76,XCD10,9.0,1.01,0.48,376.25
1.2742,annulus_4,0.85,0.76,XCD10,9.0,1.01,0.48,329.97
0.8146,annulus_4,0.85,0.76,XCD10,9.0,1.01,0.48,281.07
0.4978,annulus_4,0.85,0.76,XCD10,9.0,1.01,0.48,239.3
0.4611,annulus_4,0.85,0.76,XCD10,9.0,1.01,0.48,241.2
0.3081,annulus_4,0.85,0.76,XCD10,9.0,1.01,0.48,218.25
0.1793,annulus_4,0.85,0.76,XCD10,9.0,1.01,0.48,194.1
0.0625,annulus_4,0.85,0.76,XCD10,9.0,1.01,0.48,157.65
14.19,annulus_1,0.65,0.27,XCD-PAC8,3.8,2.98,0.4,78.84
13.0491,annulus_1,0.65,0.27,XCD-PAC8,3.8,2.98,0.4,76.51
11.9077,annulus_1,0.65,0.27,XCD-PAC8,3.8,2.98,0.4,73.89
10.7103,annulus_1,0.65,0.27,XCD-PAC8,3.8,2.98,0.4,71.35
9.3385,annulus_1,0.65,0.27,XCD-PAC8,3.8,2.98,0.4,68.09
8.2145,annulus_1,0.65,0.27,XCD-PAC8,3.8,2.98,0.4,65.33
7.2364,annulus_1,0.65,0.27,XCD-PAC8,3.8,2.98,0.4,62.85
6.2585,annulus_1,0.65,0.27,XCD-PAC8,3.8,2.98,0.4,60.0
5.0715,annulus_1,0.65,0.27,XCD-PAC8,3.8,2.98,0.4,56.02
3.8427,annulus_1,0.65,0.27,XCD-PAC8,3.8,2.98,0.4,51.28
3.2611,annulus_1,0.65,0.27,XCD-PAC8,3.8,2.98,0.4,48.81
2.6034,annulus_1,0.65,0.27,XCD-PAC8,3.8,2.98,0.4,45.31
2.0654,annulus_1,0.65,0.27,XCD-PAC8,3.8,2.98,0.4,41.77
1.5548,annulus_1,0.65,0.27,XCD-PAC8,3.8,2.98,0.4,37.64
1.0053,annulus_1,0.65,0.27,XCD-PAC8,3.8,2.98,0.4,32.6
0.5526,annulus_1,0.65,0.27,XCD-PAC8,3.8,2.98,0.4,26.45
0.4725,annulus_1,0.65,0.27,XCD-PAC8,3.8,2.98,0.4,24.74
0.2827,annulus_1,0.65,0.27,XCD-PAC8,3.8,2.98,0.4,20.9
0.1637,annulus_1,0.65,0.27,XCD-PAC8,3.8,2.98,0.4,17.67
0.0878,annulus_1,0.65,0.27,XCD-PAC8,3.8,2.98,0.4,14.7
0.0459,annulus_1,0.65,0.27,XCD-PAC8,3.8,2.98,0.4,12.35
0.0246,annulus_1,0.65,0.27,XCD-PAC8,3.8,2.98,0.4,10.51
14.19,annulus_2,0.0,0.36,XCD-PAC8,3.8,2.98,0.4,126.91
13.0491,annulus_2,0.0,0.36,XCD-PAC8,3.8,2.98,0.4,122.12
11.9077,annulus_2,0.0,0.36,XCD-PAC8,3.8,2.98,0.4,118.46
10.7103,annulus_2,0.0,0.36,XCD-PAC8,3.8,2.98,0.4,113.89
9.3385,annulus_2,0.0,0.36,XCD-PAC8,3.8,2.98,0.4,108.99
8.2145,annulus_2,0.0,0.36,XCD-PAC8,3.8,2.98,0.4,104.21
7.2364,annulus_2,0.0,0.36,XCD-PAC8,3.8,2.98,0.4,99.46
6.2585,annulus_2,0.0,0.36,XCD-PAC8,3.8,2.98,0.4,94.81
5.0715,annulus_2,0.0,0.36,XCD-PAC8,3.8,2.98,0.4,87.98
3.8427,annulus_2,0.0,0.36,XCD-PAC8,3.8,2.98,0.4,80.16
3.2611,annulus_2,0.0,0.36,XCD-PAC8,3.8,2.98,0.4,76.61
2.6034,annulus_2,0.0,0.36,XCD-PAC8,3.8,2.98,0.4,71.22
2.0654,annulus_2,0.0,0.36,XCD-PAC8,3.8,2.98,0.4,65.27
1.5548,annulus_2,0.0,0.36,XCD-PAC8,3.8,2.98,0.4,59.07
1.0053,annulus_2,0.0,0.36,XCD-PAC8,3.8,2.98,0.4,51.67
0.5526,annulus_2,0.0,0.36,XCD-PAC8,3.8,2.98,0.4,42.61
0.4725,annulus_2,0.0,0.36,XCD-PAC8,3.8,2.98,0.4,39.37
0.2827,annulus_2,0.0,0.36,XCD-PAC8,3.8,2.98,0.4,33.56
0.1637,annulus_2,0.0,0.36,XCD-PAC8,3.8,2.98,0.4,28.26
0.0878,annulus_2,0.0,0.36,XCD-PAC8,3.8,2.98,0.4,23.37
0.0459,annulus_2,0.0,0.36,XCD-PAC8,3.8,2.98,0.4,19.51
0.0246,annulus_2,0.0,0.36,XCD-PAC8,3.8,2.98,0.4,16.69
14.19,annulus_4,0.85,0.76,XCD-PAC8,3.8,2.98,0.4,1478.64
13.0491,annulus_4,0.85,0.76,XCD-PAC8,3.8,2.98,0.4,1385.93
11.9077,annulus_4,0.85,0.76,XCD-PAC8,3.8,2.98,0.4,1300.25
10.7103,annulus_4,0.85,0.76,XCD-PAC8,3.8,2.98,0.4,1210.11
9.3385,annulus_4,0.85,0.76,XCD-PAC8,3.8,2.98,0.4,1121.55
8.2145,annulus_4,0.85,0.76,XCD-PAC8,3.8,2.98,0.4,1051.68
7.2364,annulus_4,0.85,0.76,XCD-PAC8,3.8,2.98,0.4,990.24
6.2585,annulus_4,0.85,0.76,XCD-PAC8,3.8,2.98,0.4,921.33
5.0715,annulus_4,0.85,0.76,XCD-PAC8,3.8,2.98,0.4,831.24
3.8427,annulus_4,0.85,0.76,XCD-PAC8,3.8,2.98,0.4,732.42
3.2611,annulus_4,0.85,0.76,XCD-PAC8,3.8,2.98,0.4,695.59
2.6034,annulus_4,0.85,0.76,XCD-PAC8,3.8,2.98,0.4,625.39
2.0654,annulus_4,0.85,0.76,XCD-PAC8,3.8,2.98,0.4,567.38
1.5548,annulus_4,0.85,0.76,XCD-PAC8,3.8,2.98,0.4,515.51
1.0053,annulus_4,0.85,0.76,XCD-PAC8,3.8,2.98,0.4,470.74
0.5526,annulus_4,0.85,0.76,XCD-PAC8,3.8,2.98,0.4,386.51
0.4725,annulus_4,0.85,0.76,XCD-PAC8,3.8,2.98,0.4,386.63
0.2827,annulus_4,0.85,0.76,XCD-PAC8,3.8,2.98,0.4,358.2
0.1637,annulus_4,0.85,0.76,XCD-PAC8,3.8,2.98,0.4,286.46
0.0878,annulus_4,0.85,0.76,XCD-PAC8,3.8,2.98,0.4,279.86
0.0459,annulus_4,0.85,0.76,XCD-PAC8,3.8,2.98,0.4,215.51
0.0246,annulus_4,0.85,0.76,XCD-PAC8,3.8,2.98,0.4,196.74
